--
-- PostgreSQL database dump
--

\restrict wGEaCOQUzds7VtCvBnivsAySX0BRra2R47uhpSqkYy1xMVBcxdkuY2viIuv02vr

-- Dumped from database version 16.4
-- Dumped by pg_dump version 18.3

-- Started on 2026-06-22 10:54:32

SET statement_timeout = 0;
SET lock_timeout = 0;
SET idle_in_transaction_session_timeout = 0;
SET transaction_timeout = 0;
SET client_encoding = 'UTF8';
SET standard_conforming_strings = on;
SELECT pg_catalog.set_config('search_path', '', false);
SET check_function_bodies = false;
SET xmloption = content;
SET client_min_messages = warning;
SET row_security = off;

--
-- TOC entry 852 (class 1247 OID 25063)
-- Name: assinatura_tipo; Type: TYPE; Schema: public; Owner: postgres
--

CREATE TYPE public.assinatura_tipo AS ENUM (
    'mensal',
    'anual'
);


ALTER TYPE public.assinatura_tipo OWNER TO postgres;

SET default_tablespace = '';

SET default_table_access_method = heap;

--
-- TOC entry 215 (class 1259 OID 25067)
-- Name: assinaturas; Type: TABLE; Schema: public; Owner: postgres
--

CREATE TABLE public.assinaturas (
    id integer NOT NULL,
    nome character varying(64) NOT NULL,
    descricao character varying NOT NULL,
    preco real NOT NULL
);


ALTER TABLE public.assinaturas OWNER TO postgres;

--
-- TOC entry 216 (class 1259 OID 25072)
-- Name: assinatura_id_seq; Type: SEQUENCE; Schema: public; Owner: postgres
--

ALTER TABLE public.assinaturas ALTER COLUMN id ADD GENERATED BY DEFAULT AS IDENTITY (
    SEQUENCE NAME public.assinatura_id_seq
    START WITH 1
    INCREMENT BY 1
    NO MINVALUE
    NO MAXVALUE
    CACHE 1
);


--
-- TOC entry 222 (class 1259 OID 25123)
-- Name: categorias; Type: TABLE; Schema: public; Owner: postgres
--

CREATE TABLE public.categorias (
    id integer NOT NULL,
    nome character varying NOT NULL
);


ALTER TABLE public.categorias OWNER TO postgres;

--
-- TOC entry 221 (class 1259 OID 25122)
-- Name: categoria_id_seq; Type: SEQUENCE; Schema: public; Owner: postgres
--

ALTER TABLE public.categorias ALTER COLUMN id ADD GENERATED BY DEFAULT AS IDENTITY (
    SEQUENCE NAME public.categoria_id_seq
    START WITH 1
    INCREMENT BY 1
    NO MINVALUE
    NO MAXVALUE
    CACHE 1
);


--
-- TOC entry 227 (class 1259 OID 25169)
-- Name: favoritos; Type: TABLE; Schema: public; Owner: postgres
--

CREATE TABLE public.favoritos (
    usuario_id integer NOT NULL,
    produto_id integer NOT NULL
);


ALTER TABLE public.favoritos OWNER TO postgres;

--
-- TOC entry 226 (class 1259 OID 25154)
-- Name: pedido_itens; Type: TABLE; Schema: public; Owner: postgres
--

CREATE TABLE public.pedido_itens (
    id integer NOT NULL,
    pedido_id integer NOT NULL,
    produto_id integer NOT NULL,
    quantidade integer NOT NULL,
    preco_unitario numeric(10,2) NOT NULL
);


ALTER TABLE public.pedido_itens OWNER TO postgres;

--
-- TOC entry 225 (class 1259 OID 25153)
-- Name: pedido_itens_id_seq; Type: SEQUENCE; Schema: public; Owner: postgres
--

ALTER TABLE public.pedido_itens ALTER COLUMN id ADD GENERATED BY DEFAULT AS IDENTITY (
    SEQUENCE NAME public.pedido_itens_id_seq
    START WITH 1
    INCREMENT BY 1
    NO MINVALUE
    NO MAXVALUE
    CACHE 1
);


--
-- TOC entry 224 (class 1259 OID 25142)
-- Name: pedidos; Type: TABLE; Schema: public; Owner: postgres
--

CREATE TABLE public.pedidos (
    id integer NOT NULL,
    data_hora timestamp without time zone NOT NULL,
    usuario_id integer NOT NULL,
    forma_pagamento character varying(40),
    total numeric(10,2) DEFAULT 0 NOT NULL
);


ALTER TABLE public.pedidos OWNER TO postgres;

--
-- TOC entry 223 (class 1259 OID 25141)
-- Name: pedidos_id_seq; Type: SEQUENCE; Schema: public; Owner: postgres
--

ALTER TABLE public.pedidos ALTER COLUMN id ADD GENERATED BY DEFAULT AS IDENTITY (
    SEQUENCE NAME public.pedidos_id_seq
    START WITH 1
    INCREMENT BY 1
    NO MINVALUE
    NO MAXVALUE
    CACHE 1
);


--
-- TOC entry 217 (class 1259 OID 25078)
-- Name: produtos; Type: TABLE; Schema: public; Owner: postgres
--

CREATE TABLE public.produtos (
    id integer NOT NULL,
    nome character varying(64) NOT NULL,
    descricao character varying NOT NULL,
    preco real NOT NULL,
    foto character varying,
    quantidade integer NOT NULL,
    categoria_id integer
);


ALTER TABLE public.produtos OWNER TO postgres;

--
-- TOC entry 218 (class 1259 OID 25083)
-- Name: produtos_id_seq; Type: SEQUENCE; Schema: public; Owner: postgres
--

ALTER TABLE public.produtos ALTER COLUMN id ADD GENERATED BY DEFAULT AS IDENTITY (
    SEQUENCE NAME public.produtos_id_seq
    START WITH 1
    INCREMENT BY 1
    NO MINVALUE
    NO MAXVALUE
    CACHE 1
);


--
-- TOC entry 219 (class 1259 OID 25084)
-- Name: usuarios; Type: TABLE; Schema: public; Owner: postgres
--

CREATE TABLE public.usuarios (
    id integer NOT NULL,
    nome character varying(64) NOT NULL,
    email character varying(64) NOT NULL,
    endereco character varying(64),
    login character varying(24) NOT NULL,
    senha character varying(256) NOT NULL,
    administrador boolean DEFAULT false NOT NULL
);


ALTER TABLE public.usuarios OWNER TO postgres;

--
-- TOC entry 220 (class 1259 OID 25088)
-- Name: usuarios_id_seq; Type: SEQUENCE; Schema: public; Owner: postgres
--

ALTER TABLE public.usuarios ALTER COLUMN id ADD GENERATED BY DEFAULT AS IDENTITY (
    SEQUENCE NAME public.usuarios_id_seq
    START WITH 1
    INCREMENT BY 1
    NO MINVALUE
    NO MAXVALUE
    CACHE 1
);


--
-- TOC entry 4932 (class 0 OID 25067)
-- Dependencies: 215
-- Data for Name: assinaturas; Type: TABLE DATA; Schema: public; Owner: postgres
--

COPY public.assinaturas (id, nome, descricao, preco) FROM stdin;
\.


--
-- TOC entry 4939 (class 0 OID 25123)
-- Dependencies: 222
-- Data for Name: categorias; Type: TABLE DATA; Schema: public; Owner: postgres
--

COPY public.categorias (id, nome) FROM stdin;
2	Artesanato
9	Tecidos
\.


--
-- TOC entry 4944 (class 0 OID 25169)
-- Dependencies: 227
-- Data for Name: favoritos; Type: TABLE DATA; Schema: public; Owner: postgres
--

COPY public.favoritos (usuario_id, produto_id) FROM stdin;
1	5
1	9
\.


--
-- TOC entry 4943 (class 0 OID 25154)
-- Dependencies: 226
-- Data for Name: pedido_itens; Type: TABLE DATA; Schema: public; Owner: postgres
--

COPY public.pedido_itens (id, pedido_id, produto_id, quantidade, preco_unitario) FROM stdin;
1	1	3	1	19.99
2	2	5	1	84.99
3	3	3	3	19.99
4	4	6	4	49.99
5	5	8	1	39.99
6	6	5	1	84.99
7	7	5	2	84.99
8	8	8	1	39.99
9	8	9	1	54.90
\.


--
-- TOC entry 4941 (class 0 OID 25142)
-- Dependencies: 224
-- Data for Name: pedidos; Type: TABLE DATA; Schema: public; Owner: postgres
--

COPY public.pedidos (id, data_hora, usuario_id, forma_pagamento, total) FROM stdin;
1	2026-06-21 18:17:13.233	1	Migrado	19.99
2	2026-06-21 18:38:19.372	1	Migrado	84.99
3	2026-06-21 18:38:41.037	1	Migrado	59.97
4	2026-06-21 19:01:34.495	1	Migrado	199.96
5	2026-06-21 19:01:52.785	1	Migrado	39.99
6	2026-06-21 19:01:53.038	1	Migrado	84.99
7	2026-06-21 22:23:05.556	1	Cartão de crédito	169.98
8	2026-06-21 22:24:02.777	1	Pix	94.89
\.


--
-- TOC entry 4934 (class 0 OID 25078)
-- Dependencies: 217
-- Data for Name: produtos; Type: TABLE DATA; Schema: public; Owner: postgres
--

COPY public.produtos (id, nome, descricao, preco, foto, quantidade, categoria_id) FROM stdin;
3	Porta Copos Tronco		19.99		0	2
6	Cesta Trama		49.99		6	2
7	Escultura Madeira		149.9		10	2
5	Tapete Entrelace		84.99		0	2
8	Vaso Argila		39.99		8	2
9	Almofada Bordada		54.9		9	2
2	Bordado Aconchego	Produto artesanal feito com muito carinho para você! Apoie uma produção local.	49.99	https://acdn-us.mitiendanube.com/stores/002/272/587/products/aconchego-20cm-1-quadrada-8d1eac8cb0baa5427817253041336835-1024-1024.webp	0	9
\.


--
-- TOC entry 4936 (class 0 OID 25084)
-- Dependencies: 219
-- Data for Name: usuarios; Type: TABLE DATA; Schema: public; Owner: postgres
--

COPY public.usuarios (id, nome, email, endereco, login, senha, administrador) FROM stdin;
1	Thiago Moreira	thiago.moreira@faetec.rj.gov.br	Rua Clarimundo de Melo, 843	thiago.moreira	240be518fabd2724ddb6f04eeb1da5967448d7e831c08c8fa822809f74c720a9	t
2	Dailane Florencio	dailanesouza267@gmail.com	Rua ABC, 1	daidiangelo	240be518fabd2724ddb6f04eeb1da5967448d7e831c08c8fa822809f74c720a9	f
\.


--
-- TOC entry 4950 (class 0 OID 0)
-- Dependencies: 216
-- Name: assinatura_id_seq; Type: SEQUENCE SET; Schema: public; Owner: postgres
--

SELECT pg_catalog.setval('public.assinatura_id_seq', 1, true);


--
-- TOC entry 4951 (class 0 OID 0)
-- Dependencies: 221
-- Name: categoria_id_seq; Type: SEQUENCE SET; Schema: public; Owner: postgres
--

SELECT pg_catalog.setval('public.categoria_id_seq', 9, true);


--
-- TOC entry 4952 (class 0 OID 0)
-- Dependencies: 225
-- Name: pedido_itens_id_seq; Type: SEQUENCE SET; Schema: public; Owner: postgres
--

SELECT pg_catalog.setval('public.pedido_itens_id_seq', 9, true);


--
-- TOC entry 4953 (class 0 OID 0)
-- Dependencies: 223
-- Name: pedidos_id_seq; Type: SEQUENCE SET; Schema: public; Owner: postgres
--

SELECT pg_catalog.setval('public.pedidos_id_seq', 8, true);


--
-- TOC entry 4954 (class 0 OID 0)
-- Dependencies: 218
-- Name: produtos_id_seq; Type: SEQUENCE SET; Schema: public; Owner: postgres
--

SELECT pg_catalog.setval('public.produtos_id_seq', 9, true);


--
-- TOC entry 4955 (class 0 OID 0)
-- Dependencies: 220
-- Name: usuarios_id_seq; Type: SEQUENCE SET; Schema: public; Owner: postgres
--

SELECT pg_catalog.setval('public.usuarios_id_seq', 2, true);


--
-- TOC entry 4770 (class 2606 OID 25093)
-- Name: assinaturas assinatura_pkey; Type: CONSTRAINT; Schema: public; Owner: postgres
--

ALTER TABLE ONLY public.assinaturas
    ADD CONSTRAINT assinatura_pkey PRIMARY KEY (id);


--
-- TOC entry 4776 (class 2606 OID 25129)
-- Name: categorias categoria_pkey1; Type: CONSTRAINT; Schema: public; Owner: postgres
--

ALTER TABLE ONLY public.categorias
    ADD CONSTRAINT categoria_pkey1 PRIMARY KEY (id);


--
-- TOC entry 4782 (class 2606 OID 25173)
-- Name: favoritos favoritos_pkey; Type: CONSTRAINT; Schema: public; Owner: postgres
--

ALTER TABLE ONLY public.favoritos
    ADD CONSTRAINT favoritos_pkey PRIMARY KEY (usuario_id, produto_id);


--
-- TOC entry 4780 (class 2606 OID 25158)
-- Name: pedido_itens pedido_itens_pkey; Type: CONSTRAINT; Schema: public; Owner: postgres
--

ALTER TABLE ONLY public.pedido_itens
    ADD CONSTRAINT pedido_itens_pkey PRIMARY KEY (id);


--
-- TOC entry 4778 (class 2606 OID 25147)
-- Name: pedidos pedidos_pkey; Type: CONSTRAINT; Schema: public; Owner: postgres
--

ALTER TABLE ONLY public.pedidos
    ADD CONSTRAINT pedidos_pkey PRIMARY KEY (id);


--
-- TOC entry 4772 (class 2606 OID 25097)
-- Name: produtos produtos_pkey; Type: CONSTRAINT; Schema: public; Owner: postgres
--

ALTER TABLE ONLY public.produtos
    ADD CONSTRAINT produtos_pkey PRIMARY KEY (id);


--
-- TOC entry 4774 (class 2606 OID 25099)
-- Name: usuarios usuarios_pkey; Type: CONSTRAINT; Schema: public; Owner: postgres
--

ALTER TABLE ONLY public.usuarios
    ADD CONSTRAINT usuarios_pkey PRIMARY KEY (id);


--
-- TOC entry 4787 (class 2606 OID 25179)
-- Name: favoritos favoritos_produto_id_fkey; Type: FK CONSTRAINT; Schema: public; Owner: postgres
--

ALTER TABLE ONLY public.favoritos
    ADD CONSTRAINT favoritos_produto_id_fkey FOREIGN KEY (produto_id) REFERENCES public.produtos(id);


--
-- TOC entry 4788 (class 2606 OID 25174)
-- Name: favoritos favoritos_usuario_id_fkey; Type: FK CONSTRAINT; Schema: public; Owner: postgres
--

ALTER TABLE ONLY public.favoritos
    ADD CONSTRAINT favoritos_usuario_id_fkey FOREIGN KEY (usuario_id) REFERENCES public.usuarios(id);


--
-- TOC entry 4783 (class 2606 OID 25136)
-- Name: produtos fk_produto_categoria; Type: FK CONSTRAINT; Schema: public; Owner: postgres
--

ALTER TABLE ONLY public.produtos
    ADD CONSTRAINT fk_produto_categoria FOREIGN KEY (categoria_id) REFERENCES public.categorias(id);


--
-- TOC entry 4785 (class 2606 OID 25159)
-- Name: pedido_itens pedido_itens_pedido_id_fkey; Type: FK CONSTRAINT; Schema: public; Owner: postgres
--

ALTER TABLE ONLY public.pedido_itens
    ADD CONSTRAINT pedido_itens_pedido_id_fkey FOREIGN KEY (pedido_id) REFERENCES public.pedidos(id) ON DELETE CASCADE;


--
-- TOC entry 4786 (class 2606 OID 25164)
-- Name: pedido_itens pedido_itens_produto_id_fkey; Type: FK CONSTRAINT; Schema: public; Owner: postgres
--

ALTER TABLE ONLY public.pedido_itens
    ADD CONSTRAINT pedido_itens_produto_id_fkey FOREIGN KEY (produto_id) REFERENCES public.produtos(id);


--
-- TOC entry 4784 (class 2606 OID 25148)
-- Name: pedidos pedidos_usuario_id_fkey; Type: FK CONSTRAINT; Schema: public; Owner: postgres
--

ALTER TABLE ONLY public.pedidos
    ADD CONSTRAINT pedidos_usuario_id_fkey FOREIGN KEY (usuario_id) REFERENCES public.usuarios(id);


-- Completed on 2026-06-22 10:54:32

--
-- PostgreSQL database dump complete
--

\unrestrict wGEaCOQUzds7VtCvBnivsAySX0BRra2R47uhpSqkYy1xMVBcxdkuY2viIuv02vr

